Unnamed: 0.1,Unnamed: 0,CAS number,Pubchem CID,Name(full),Name(simple),DOI number,SMILES,Initial PCE,ΔPCE,Final PCE,Date,Batch,Note,Initial_PCE,Final_PCE,Delta_pred,TARGET,prediction
272,107,89-97-4,,,,10.1021/acsami.2c02250,C1=CC=C(C(=C1)CN)Cl,20.7,1.900000000000002,22.6,2022-03-30,AFM,,20.7,22.6,1.703069190623203,0.1969308093767989,-0.1160784512758255
235,180,55276-43-2,,,,10.1016/j.nanoen.2021.106856,CS(=O)(=O)N1CCNCC1,21.2,2.199999999999999,23.4,2022-03,AFM,,21.2,23.4,1.6667703655995068,0.5332296344004921,0.05447931960225105
247,386,106-45-6,,,,10.1002/aenm.201803573,CC1=CC=C(C=C1)S,18.35,0.389999999999997,18.74,2019-02-14,AFM,,18.35,18.74,1.8736736682345745,-1.4836736682345777,-0.062251150608062744
180,91,51-61-6,,"4-(2-aminoethyl)benzene-1,2-diol",,10.1021/acsami.8b10332,C1=CC(=C(C=C1CCN)O)O,14.05,2.82,16.87,2018-08-17,AFM,,14.05,16.87,2.185843563438361,0.6341564365616388,-0.06487438082695007
17,322,41122-71-8 ,,,,10.1002/solr.201900125,CCCCCCCC1=CC=C(C=C1)C2=CC=C(C=C2)C#N,17.14,3.050000000000001,20.19,2019-05-24,AFM,,17.14,20.19,1.9615168247919192,1.088483175208082,-0.09503131359815598
268,195, 98-08-8,,,,10.1016/j.jechem.2022.09.037,C1=CC=C(C=C1)C(F)(F)F,21.28,1.469999999999999,22.75,2023-01,AFM,,21.28,22.75,1.660962553595715,-0.1909625535957162,0.027512770146131516
1,173,56-40-6,,2-aminoacetic acid,,10.1016/j.orgel.2022.106573,C(C(=O)O)N,19.08,1.9,20.98,2022-09,AFM,,19.08,20.98,1.8206773836999783,0.0793226163000215,0.05806075409054756
157,334,629-93-6,,1-iodooctadecane,,10.1002/smll.202103336,CCCCCCCCCCCCCCCCCCI,20.34,0.6700000000000017,21.01,2021-10-27,AFM,,20.34,21.01,1.729204344640264,-1.0592043446402624,-0.3885386884212494
138,167,98-73-7,,,,10.1016/j.scib.2020.05.031,CC(C)(C)C1=CC=C(C=C1)C(=O)O,16.8,1.84,18.64,2020-10,AFM,,16.8,18.64,1.9862000258080328,-0.1462000258080324,-0.08515143394470215
127,30,146511-06-0,,,,10.1039/D1NR05939D,C1CN(CCN1CCO)S(=O)(=O)O,18.43,1.789999999999999,20.22,2022,AFM,,18.43,20.22,1.8678658562307835,-0.0778658562307843,0.03898366168141365
0,175, 74-11-3,,,,10.1016/j.orgel.2020.105922,C1=CC(=CC=C1C(=O)O)Cl,18.23,1.989999999999998,20.22,2020-11,AFM,,18.23,20.22,1.8823853862402615,0.1076146137597362,0.12233981490135193
280,312,110-17-8,,,,10.1002/solr.202000732,C(=C/C(=O)O)\C(=O)O,19.18,1.300000000000001,20.48,2021-03-09,AFM,,19.18,20.48,1.813417618695239,-0.5134176186952382,-0.07847453653812408
132,191,100-97-0,,,,10.1016/j.jpowsour.2017.12.011,C1N2CN3CN1CN(C2)C3,12.7,2.220000000000001,14.92,2018-02,AFM,,12.7,14.92,2.283850391002341,-0.0638503910023398,-0.07488832622766495
254,74,107-95-9,,,,10.1021/jacs.0c09560,C(CN)C(=O)O,20.46,0.8000000000000007,21.26,2020-11-16,AFM,,20.46,21.26,1.720492626634577,-0.9204926266345764,-0.04775471240282059
140,196,618-39-3,,benzenecarboximidamide,,10.1016/j.jechem.2022.09.037,C1=CC=C(C=C1)C(=N)N,21.28,1.25,22.53,2023-01,AFM,,21.28,22.53,1.660962553595715,-0.4109625535957153,0.13029852509498596
3,282,566939-58-0,,"1,3-dibromo-5-octylthieno[3,4-c]pyrrole-4,6-dione",,10.1002/solr.202200862,CCCCCCCCN1C(=O)C2=C(SC(=C2C1=O)Br)Br,19.06,1.68,20.74,2022-10-26,AFM,,19.06,20.74,1.8221293367009264,-0.1421293367009264,0.008118879050016403
53,122,1109-15-5,,,,10.1021/acsami.0c16939,B(C1=C(C(=C(C(=C1F)F)F)F)F)(C2=C(C(=C(C(=C2F)F)F)F)F)C3=C(C(=C(C(=C3F)F)F)F)F,19.07,2.350000000000001,21.42,2021-01-11,AFM,,19.07,21.42,1.821403360200452,0.5285966397995487,0.26829639077186584
73,308,6419-19-8,,,,10.1002/solr.202100464,C(N(CP(=O)(O)O)CP(=O)(O)O)P(=O)(O)O,20.99,2.020000000000003,23.01,2021-08-25,AFM,,20.99,23.01,1.6820158721094591,0.337984127890544,0.13949115574359894
265,31,63968-64-9,,,,10.1039/d0ta10717d,C[C@@H]1CC[C@H]2[C@H](C(=O)O[C@H]3[C@@]24[C@H]1CC[C@](O3)(OO4)C)C,19.53,1.57,21.1,2021,AFM,,19.53,21.1,1.7880084411786517,-0.2180084411786516,0.041872236877679825
51,248,130156-10-4,,,,10.1016/j.apsusc.2022.153051,C1=CC(=CC=C1C2=NC(=NC(=N2)C3=CC=C(C=C3)F)C4=CC=C(C=C4)F)F,18.32,1.489999999999998,19.81,2022-07,AFM,,18.32,19.81,1.8758515977359964,-0.3858515977359984,0.1486479789018631
230,190,3978-81-2,,,,10.1016/j.jpowsour.2019.01.064,CC(C)(C)C1=CC=NC=C1,16.14,1.439999999999998,17.58,2019-03,AFM,,16.14,17.58,2.034114474839312,-0.5941144748393137,-0.22840844094753265
115,104,583-39-1,,,,10.1021/acsami.2c05605,C1=CC=C2C(=C1)NC(=S)N2,19.1,1.799999999999997,20.9,2022-06-03,AFM,,19.1,20.9,1.8192254306990303,-0.0192254306990333,0.1738675981760025
244,255,,,"9H-carbazole-3,6-diyl tetraethyl bisphosphate","3,6-CzBP",10.1007/s40820-024-01613-z,CCOP(OCC)(C1C=C2C3C=C(P(OCC)(OCC)=O)C=CC=3NC2=CC=1)=O,23.47,1.620000000000001,25.09,2025-01-10,1,,23.47,25.09,1.5019736999919264,0.1180263000080745,-0.0561792366206646
7,21,492-97-7,,2-thiophen-2-ylthiophene,,10.1039/d2ta01349e,C1=CSC(=C1)C2=CC=CS2,21.74,0.1300000000000026,21.87,2022,AFM,,21.74,21.87,1.627567634573915,-1.4975676345739124,0.068956658244133
106,371,121-57-3 ,,,,10.1002/aenm.202203471,C1=CC(=CC=C1N)S(=O)(=O)O,21.49,2.600000000000001,24.09,2023-01-15,AFM,,21.49,24.09,1.6457170470857632,0.9542829529142378,0.286930650472641
190,189,693-98-1,,2-methyl-1H-imidazole,,10.1016/j.jpowsour.2020.227714,CC1=NC=CN1,17.6,1.849999999999998,19.45,2020-02,AFM,,17.6,19.45,1.9281219057701189,-0.0781219057701205,-0.12126317620277405
57,26,139-13-9,,,,10.1039/d2cc00594h,C(C(=O)O)N(CC(=O)O)CC(=O)O,19.06,2.06,21.12,2022,AFM,,19.06,21.12,1.8221293367009264,0.2378706632990737,0.1967778354883194
217,328,,,succinimide,SID,10.1002/smsc.202300218,C1CC(=O)NC1=O,22.59,1.879999999999999,24.47,2023-11-27,1,,22.59,24.47,1.5658596320336315,0.3141403679663674,0.2543978989124298
203,152,1571-33-1,,,,10.1016/j.solmat.2023.112278,C1=CC=C(C=C1)P(=O)(O)O,18.95,3.07,22.02,2023-06,AFM,,18.95,22.02,1.8301150782061395,1.2398849217938606,0.0397760309278965
62,355,92-91-1,,,,10.1002/anie.202302462,CC(=O)C1=CC=C(C=C1)C2=CC=CC=C2,20.77,1.699999999999999,22.47,2023-04-20,AFM,,20.77,22.47,1.6979873551198854,0.0020126448801136,0.025154102593660355
213,391,1795-01-3,,,,10.1002/aenm.201703143,CCC1=CSC=C1,17.31,1.600000000000001,18.91,2018-01-22,AFM,,17.31,18.91,1.9491752242838627,-0.3491752242838617,-0.18827955424785614
12,135,4282-31-9,,,,10.1021/acsaem.2c00304,C1=C(SC(=C1)C(=O)O)C(=O)O,19.31,3.470000000000002,22.78,2022-05-13,AFM,,19.31,22.78,1.8039799241890784,1.6660200758109238,0.3734331429004669
270,316,499-80-9,,"pyridine-2,4-dicarboxylic acid",,10.1002/solr.202000481,C1=CN=C(C=C1C(=O)O)C(=O)O,16.43,2.48,18.91,2020-10-12,AFM,,16.43,18.91,2.013061156325568,0.4669388436744319,0.29967284202575684
39,230,68-94-0,,,,10.1016/j.cej.2022.135269,C1=NC2=C(N1)C(=O)NC=N2,20.42,1.719999999999999,22.14,2022-05,AFM,,20.42,22.14,1.7233965326364726,-0.0033965326364735,0.25309523940086365
229,345,4418-61-5,,,,10.1002/cssc.202101965,C1(=NNN=N1)N,17.66,2.09,19.75,2021-12-09,AFM,,17.66,19.75,1.9237660467672757,0.1662339532327246,0.1806848794221878
128,148,110-94-1,,,,10.1021/acs.jpclett.0c03566,C(CC(=O)O)CC(=O)O,19.64,2.18,21.82,2021-01-20,AFM,,19.64,21.82,1.7800226996734383,0.3999773003265616,0.046914469450712204
44,277,140480-89-3,,,,10.1002/solr.202300028,C1=C(C=C(C=C1F)S(=O)(=O)N)F,21.36,2.330000000000002,23.69,2023-02-24,AFM,,21.36,23.69,1.655154741591924,0.6748452584080777,0.3435901403427124
17,205,21668-81-5,,,,10.1016/j.jallcom.2021.161352,C(CSC(=N)N)CS(=O)(=O)O,20.49,2.030000000000001,22.52,2021-12,AFM,,20.49,22.52,1.718314697133155,0.3116853028668458,0.271971732378006
191,125,140-29-4,,,,10.1021/acsami.0c00762,C1=CC=C(C=C1)CC#N,18.01,3.079999999999998,21.09,2020-04-07,AFM,,18.01,21.09,1.898356869250688,1.1816431307493098,0.03599368408322334
263,3,,,4-cyano-4′-pentyl biphenyl,5CB,10.15541/jim20220777,CCCCCC1=CC=C(C=C1)C2=CC=C(C=C2)C#N,20.08,1.189999999999998,21.27,2023,2,,20.08,21.27,1.7480797336525862,-0.5580797336525882,-0.05000675842165947
11,444,288-88-0,,"1H-1,2,4-triazole",,10.1002/adfm.201905190,C1=NC=NN1,18.9,2.0,20.9,2019-08-09,AFM,,18.9,20.9,1.833744960708509,0.166255039291491,-0.01734306290745735
94,17,,,coumarin methacrylate,CMA,10.1039/d3ee00247k,C=C(C(OCCOC1C=CC2C(C)=CC(OC=2C=1)=O)=O)C,19.15,2.129999999999999,21.28,2023,2,,19.15,21.28,1.815595548196661,0.314404451803338,0.07679903507232666
174,313,98-80-6,,,,10.1002/solr.202000715,B(C1=CC=CC=C1)(O)O,18.8,0.25,19.05,2021-01-22,AFM,,18.8,19.05,1.841004725713248,-1.591004725713248,-0.054611608386039734
167,288,6066-82-6,,,,10.1002/solr.202200502,C1CC(=O)N(C1=O)O,19.97,2.240000000000002,22.21,2022-07-24,AFM,,19.97,22.21,1.756065475157799,0.4839345248422027,0.2750476896762848
285,187,55-22-1,,pyridine-4-carboxylic acid,,10.1016/j.mssp.2022.106639,C1=CN=CC=C1C(=O)O,19.19,1.149999999999999,20.34,2022-07,AFM,,19.19,20.34,1.812691642194765,-0.662691642194766,0.13626934587955475
164,406,,,Methylammonium Acetate,MAAc,10.1002/adma.202401476,CC1=C(C=CC(=C1)C2=NN(C=C2C=C3C(=O)N4C(C(=C(N=C4S3)C)C(=O)OC(C)C)C5=CC=C(C=C5)SC)C6=CC=CC=C6)OCC=C,22.36,1.150000000000002,23.51,2024-04-22,1,,22.36,23.51,1.5825570915445315,-0.4325570915445298,0.1900472640991211
4,377,4724-48-5,,,,10.1002/aenm.202200758,CCCCCCCCP(=O)(O)O,20.5,0.6999999999999993,21.2,2022-05-30,AFM,,20.5,21.2,1.7175887206326814,-1.017588720632682,-0.249527245759964
264,412,657-24-9,,"3-(diaminomethylidene)-1,1-dimethylguanidine",,10.1002/adma.202204098,CN(C)C(=N)N=C(N)N,20.72,1.109999999999999,21.83,2022-07-13,AFM,,20.72,21.83,1.7016172376222551,-0.5916172376222562,0.3006298243999481
36,324,62-56-6,,,,10.1002/solr.201800034,C(=S)(N)N,17.6,2.199999999999999,19.8,2018-04-03,AFM,,17.6,19.8,1.9281219057701189,0.2718780942298802,0.3489355742931366
45,311,32857-62-8,,,,10.1002/solr.202100040,C1=CC(=CC=C1CC(=O)O)C(F)(F)F,20.31,1.880000000000003,22.19,2021-03-30,AFM,,20.31,22.19,1.731382274141686,0.148617725858317,0.1287059634923935
69,14,,,Taurine,NO_abbreviation,10.1039/D3RA02944A,C(CS(=O)(=O)O)N,11.26,1.93,13.19,2023,2,,11.26,13.19,2.388391007070586,-0.4583910070705859,0.14250658452510834
108,44,366-18-7,,,,10.1039/c8ta11977e,C1=CC=NC(=C1)C2=CC=CC=N2,17.58,1.440000000000001,19.02,2019,AFM,,17.58,19.02,1.929573858771067,-0.4895738587710658,0.005491346120834351
47,423,,,4-Iodobenzamide,I-BAD,10.1002/adfm.202214834,C1=CC(=CC=C1C(=O)N)I,22.03,1.68,23.71,2023-03-21,2,,22.03,23.71,1.6065143160601711,0.0734856839398288,0.11498495936393738
31,156,13822-56-5,,,,10.1016/j.solener.2021.06.001,CO[Si](CCCN)(OC)OC,18.85,1.869999999999997,20.72,2021-08,AFM,,18.85,20.72,1.8373748432108783,0.0326251567891184,-0.23371179401874542
79,45,628-21-7,,"1,4-diiodobutane",,10.1039/c8ta11835c,C(CCI)CI,17.46,1.059999999999999,18.52,2019,AFM,,17.46,18.52,1.9382855767767535,-0.8782855767767548,-0.38660308718681335
168,305,13214-66-9,,,,10.1002/solr.202100805,C1=CC=C(C=C1)CCCCN,20.71,0.3900000000000006,21.1,2021-11-16,AFM,,20.71,21.1,1.7023432141227288,-1.3123432141227285,-0.22749674320220947
176,143,55-22-1,,pyridine-4-carboxylic acid,,10.1021/acs.nanolett.6b04015,C1=CN=CC=C1C(=O)O,17.19,2.08,19.27,2016-12-16,AFM,,17.19,19.270000000000003,1.9578869422895493,0.1221130577104505,0.13626933097839355
19,131,102-07-8,,,,10.1021/acsaem.2c02313,C1=CC=C(C=C1)NC(=O)NC2=CC=CC=C2,20.3,1.399999999999999,21.7,2022-10-25,AFM,,20.3,21.7,1.7321082506421597,-0.3321082506421606,0.0943995863199234
0,398,150-13-0,,,,10.1002/admi.201901584,C1=CC(=CC=C1C(=O)O)N,19.01,1.459999999999997,20.47,2019-11-20,AFM,,19.01,20.47,1.825759219203296,-0.3657592192032985,0.13523827493190765
64,436,62-55-5,,,,10.1002/adfm.202009425,CC(=S)N,19.29,2.16,21.45,2021-01-20,AFM,,19.29,21.45,1.805431877190026,0.3545681228099742,0.12190334498882294
13,217,145100-50-1,,,,10.1016/j.cej.2022.139345,C1=CC=NC(=C1)N(S(=O)(=O)C(F)(F)F)S(=O)(=O)C(F)(F)F,20.74,2.16,22.9,2023-01,AFM,,20.74,22.9,1.7001652846213071,0.4598347153786928,0.7731838822364807
201,69,110-02-1,,,,10.1021/nn5036476,C1=CSC=C1,13.1,2.200000000000001,15.3,2014-09-15,AFM,,13.1,15.3,2.254811330983384,-0.0548113309833828,-0.10253040492534637
136,188,104-01-8,,,,10.1016/j.jpowsour.2021.230734,COC1=CC=C(C=C1)CC(=O)O,20.97,1.350000000000001,22.32,2022-01,AFM,,20.97,22.32,1.683467825110407,-0.3334678251104059,0.008936125785112381
147,296,108-01-0,,,,10.1002/solr.202101107,CN(C)CCO,19.7,0.99,20.69,2022-02-22,AFM,,19.7,20.69,1.775666840670595,-0.7856668406705951,-0.2811379134654999
2,379,482-89-3,,2-(3-hydroxy-1H-indol-2-yl)indol-3-one,,10.1002/aenm.202200537,C1=CC=C2C(=C1)C(=C(N2)C3=NC4=CC=CC=C4C3=O)O,20.0,3.219999999999999,23.22,2022-04-22,AFM,,20.0,23.22,1.7538875456563774,1.4661124543436217,0.39071959257125854
231,224,108-13-4,,,,10.1016/j.cej.2022.138559,C(C(=O)N)C(=O)N,20.88,3.25,24.13,2023-01,AFM,,20.88,24.13,1.6900016136146725,1.5599983863853275,0.22474388778209686
289,310,1662-01-7,,,,10.1002/solr.202100285,C1=CC=C(C=C1)C2=C3C=CC4=C(C=CN=C4C3=NC=C2)C5=CC=CC=C5,18.41,1.390000000000001,19.8,2021-07,AFM,,18.41,19.8,1.869317809231731,-0.47931780923173,0.09260833263397217
89,159,2396-68-1,,,,10.1016/j.scib.2020.05.031,CC(C)(C)C1=CC=C(C=C1)S,16.8,1.18,17.98,2020-10,AFM,,16.8,17.98,1.9862000258080328,-0.8062000258080326,-0.16056464612483978
151,303,100-46-9,,,,10.1002/solr.202100805,C1=CC=C(C=C1)CN,20.71,0.2899999999999991,21.0,2021-11-16,AFM,,20.71,21.0,1.7023432141227288,-1.4123432141227297,-0.1437218338251114
29,136,58255-18-8,,,,10.1021/acsaem.1c03842,CNCC1=CC=CS1,21.11,1.560000000000002,22.67,2022-03-23,AFM,,21.11,22.67,1.673304154103772,-0.11330415410377,-0.12515808641910553
114,70,110-86-1,,,,10.1021/nn5036476,C1=CC=NC=C1,13.1,3.4,16.5,2014-09-15,AFM,,13.1,16.5,2.254811330983384,1.145188669016616,-0.13426779210567474
283,198,526-83-0,,,,10.1016/j.jechem.2022.02.007,C(C(C(=O)O)O)(C(=O)O)O,19.7,2.120000000000001,21.82,2022-06,AFM,,19.7,21.82,1.775666840670595,0.3443331593294059,0.3358490467071533
221,411,1498-88-0,,,,10.1002/adma.202205338,CC1(C2=CC=CC=C2N(C13C=CC4=C(O3)C=CC(=C4)[N+](=O)[O-])C)C,21.96,1.27,23.23,2022-11-07,AFM,,21.96,23.23,1.6115961515634885,-0.3415961515634884,0.1505613923072815
274,214,141-82-2,,,,10.1016/j.cej.2023.141705,C(C(=O)O)C(=O)O,21.2,1.210000000000001,22.41,2023-03,AFM,,21.2,22.41,1.6667703655995068,-0.4567703655995057,0.2834238111972809
5,113,725-89-3,,,,10.1021/acsami.1c18035,C1=C(C=C(C=C1C(F)(F)F)C(F)(F)F)C(=O)O,18.45,2.640000000000001,21.09,2022-01-12,AFM,,18.45,21.09,1.8664139032298357,0.7735860967701655,0.2806764543056488
284,437,425-99-0,,"2,2-difluoropropanediamide",,10.1002/adfm.202005776,C(=O)(C(C(=O)N)(F)F)N,20.0,2.210000000000001,22.21,2020-11-06,AFM,,20.0,22.21,1.7538875456563774,0.4561124543436234,0.4248127341270447
92,426,83-86-3,,,,10.1002/adfm.202212577,C1(C(C(C(C(C1OP(=O)(O)O)OP(=O)(O)O)OP(=O)(O)O)OP(=O)(O)O)OP(=O)(O)O)OP(=O)(O)O,19.84,2.219999999999999,22.06,2023-02-23,AFM,,19.84,22.06,1.7655031696639605,0.4544968303360386,0.30644887685775757
137,349,140-89-6,,,,10.1002/cssc.201801888,CCOC(=S)[S-].[K+],16.56,1.850000000000001,18.41,2018-11-02,AFM,,16.56,18.41,2.003623461819407,-0.1536234618194059,0.07123561203479767
159,199,2440-22-4,,,,10.1016/j.jechem.2021.09.027,CC1=CC(=C(C=C1)O)N2N=C3C=CC=CC3=N2,21.26,1.199999999999999,22.46,2022-04,AFM,,21.26,22.46,1.6624145065966631,-0.462414506596664,0.08052974939346313
13,39,109-97-7,,,,10.1039/c9ta02916h,C1=CNC=C1,19.23,0.7899999999999991,20.02,2019,AFM,,19.23,20.02,1.8097877361928691,-1.0197877361928702,-0.12683269381523132
271,289,95-31-8,,,,10.1002/solr.202200487,CC(C)(C)NSC1=NC2=CC=CC=C2S1,19.71,1.259999999999998,20.97,2022-08-05,AFM,,19.71,20.97,1.7749408641701212,-0.5149408641701232,-0.015053264796733856
234,366,103-81-1,,,,10.1002/aenm.202203635,C1=CC=C(C=C1)CC(=O)N,22.43,0.5500000000000007,22.98,2023-02-12,AFM,,22.43,22.98,1.5774752560412142,-1.0274752560412137,0.0032131969928741455
9,37,108-19-0,,,,10.1039/d0ta01255f,C(=O)(N)NC(=O)N,18.26,2.899999999999999,21.16,2020,AFM,,18.26,21.16,1.88020745673884,1.0197925432611592,0.40394237637519836
142,258,59-92-7,,"(2S)-2-amino-3-(3,4-dihydroxyphenyl)propanoic acid",,10.1007/s12274-021-3600-z,C1=CC(=C(C=C1C[C@@H](C(=O)O)N)O)O,19.21,2.25,21.46,2021-07-09,AFM,,19.21,21.46,1.8112396891938167,0.4387603108061828,0.1465402990579605
75,216,71-30-7,,,,10.1016/j.cej.2022.139535,C1=C(NC(=O)N=C1)N,20.07,2.01,22.08,2023-01,AFM,,20.07,22.08,1.74880571015306,0.2611942898469399,0.1445220410823822
189,408,7803-58-9,,,,10.1002/adma.202300174,NS(=O)(=O)N,22.3,2.34,24.64,2023-03-23,AFM,,22.3,24.64,1.5869129505473751,0.7530870494526247,0.526279866695404
169,323,1109-15-5,,,,10.1002/solr.201900072,B(C1=C(C(=C(C(=C1F)F)F)F)F)(C2=C(C(=C(C(=C2F)F)F)F)F)C3=C(C(=C(C(=C3F)F)F)F)F,19.55,2.050000000000001,21.6,2019-05-12,AFM,,19.55,21.6,1.7865564881777038,0.2634435118222973,0.26829639077186584
82,422,,,4-fluorobenzamide,FBAD,10.1002/adfm.202214834,C1=CC(=CC=C1C(=O)N)F,22.03,2.049999999999997,24.08,2023-03-21,2,,22.03,24.08,1.6065143160601711,0.443485683939826,0.13403096795082092
240,210,,,4-fluorobenzylamine,FBA,10.1016/j.cej.2024.156684,C1=CC(=CC=C1CN)F,22.06,1.560000000000002,23.62,2024-11,1,,22.06,23.62,1.6043363865587494,-0.0443363865587473,-0.08768723905086517
84,287,57-13-6,,urea,,10.1002/solr.202200512,C(=O)(N)N,21.59,0.7399999999999984,22.33,2022-07-27,AFM,,21.59,22.33,1.6384572820810237,-0.8984572820810253,0.20645685493946075
104,294,98-58-8,,,,10.1002/solr.202200097,C1=CC(=CC=C1S(=O)(=O)Cl)Br,19.46,2.379999999999999,21.84,2022-03-15,AFM,,19.46,21.84,1.7930902766819692,0.5869097233180298,0.360029935836792
109,46,375-50-8,,,,10.1039/c8ta11835c,C(C(C(F)(F)I)(F)F)(C(F)(F)I)(F)F,17.46,2.66,20.12,2019,AFM,,17.46,20.12,1.9382855767767535,0.7217144232232464,0.3284728229045868
166,257,1078-61-1,,,,10.1007/s12274-021-3600-z,C1=CC(=C(C=C1CCC(=O)O)O)O,19.21,1.300000000000001,20.51,2021-07-09,AFM,,19.21,20.51,1.8112396891938167,-0.5112396891938162,0.04925841465592384
27,320,29676-71-9,,,,10.1002/solr.201900489,C1=C(N=C(S1)N)CC(=O)O,17.1,2.639999999999997,19.74,2020-01-24,AFM,,17.1,19.74,1.9644207307938149,0.6755792692061822,0.15955977141857147
160,439,88-13-1,,,,10.1002/adfm.202005155,C1=CSC=C1C(=O)O,19.5,1.300000000000001,20.8,2020-09-06,AFM,,19.5,20.8,1.7901863706800736,-0.4901863706800726,0.2013123780488968
209,260,,,4-(2-Carboxyvinyl) Benzoic Acid,NO_abbreviation,10.1002/solr.202400245,C1=CC(=CC=C1C=CC(=O)O)C(=O)O,18.26,2.02,20.28,2024-06-09,1,,18.26,20.28,1.88020745673884,0.1397925432611602,0.33124840259552
85,68,,137700831.0,3-(5-Mercapto-1h-tetrazol-1-yl)benzenaminium iodide,,10.1038/s41467-018-06709-w ,C1=CC(=CC(=C1)N2C(=S)[NH+]=NN2)N.[I-],19.2,1.7,20.9,2018-10-26,AFM,,19.2,20.9,1.8119656656942915,-0.1119656656942913,0.1583596020936966
261,343,5198-87-8,,"2-chloro-1,3-thiazole-4-carboxylic acid",,10.1002/cssc.202202092,C1=C(N=C(S1)Cl)C(=O)O,19.83,2.720000000000002,22.55,2023-02-20,AFM,,19.83,22.55,1.7662291461644342,0.9537708538355678,0.3066236674785614
282,183,613-94-5,,benzohydrazide,,10.1016/j.mtener.2023.101269,C1=CC=C(C=C1)C(=O)NN,21.11,1.640000000000001,22.75,2023-04,AFM,,21.11,22.75,1.673304154103772,-0.033304154103771,0.105900838971138
16,139,366-18-7,,,,10.1021/acsaem.1c00767,C1=CC=NC(=C1)C2=CC=CC=N2,18.38,2.15,20.53,2021-06-09,AFM,,18.38,20.53,1.871495738733153,0.2785042612668469,0.00549137219786644
49,162,769-92-6,,,,10.1016/j.scib.2020.05.031,CC(C)(C)C1=CC=C(C=C1)N,16.8,1.41,18.21,2020-10,AFM,,16.8,18.21,1.9862000258080328,-0.5762000258080326,-0.18484114110469818
26,292,83558-87-6 ,,,,10.1002/solr.202200296,C1=CC(=C(C=C1C(C2=CC(=C(C=C2)O)N)(C(F)(F)F)C(F)(F)F)N)O,18.2,2.100000000000001,20.3,2022-05-24,AFM,,18.2,20.3,1.8845633157416837,0.2154366842583175,0.178891122341156
148,298,103-83-3,,,,10.1002/solr.202101107,CN(C)CC1=CC=CC=C1,19.7,0.5,20.2,2022-02-22,AFM,,19.7,20.2,1.775666840670595,-1.275666840670595,-0.19067569077014923
37,27,623-00-7,,4-bromobenzonitrile,,10.1039/d1tc04615b,C1=CC(=CC=C1C#N)Br,20.09,2.190000000000001,22.28,2021,AFM,,20.09,22.28,1.747353757152112,0.4426462428478888,0.2381518930196762
70,300,109-69-3,,,,10.1002/solr.202100979,CCCCCl,20.56,0.7900000000000027,21.35,2022-01-06,AFM,,20.56,21.35,1.7132328616298378,-0.9232328616298352,-0.40693333745002747
91,123,,,Nicotinamide,NTM,10.1021/acsami.0c12030,C1=CC(=CN=C1)C(=O)N,19.13,2.59,21.72,2020-11-10,2,,19.13,21.72,1.8170475011976088,0.772952498802391,0.12060390412807465
71,234,646-01-5,,3-methylsulfanylpropanoic acid,,10.1016/j.cej.2021.133209,CSCCC(=O)O,20.72,1.5,22.22,2022-03,AFM,,20.72,22.22,1.7016172376222551,-0.2016172376222551,-0.09297029674053192
281,111,675-14-9,,"2,4,6-trifluoro-1,3,5-triazine",,10.1021/acsami.1c21081,C1(=NC(=NC(=N1)F)F)F,19.27,1.84,21.11,2022-01-31,AFM,,19.27,21.11,1.8068838301909735,0.0331161698090263,0.23445142805576324
41,309,5394-23-0,,"4,7-dichloro-1,10-phenanthroline",,10.1002/solr.202100285,C1=CC2=C(C=CN=C2C3=NC=CC(=C31)Cl)Cl,18.41,2.739999999999998,21.15,2021-07,AFM,,18.41,21.15,1.869317809231731,0.8706821907682669,0.1265893578529358
12,375,51-17-2,,1H-benzimidazole,,10.1002/aenm.202202189,C1=CC=C2C(=C1)NC=N2,22.72,1.560000000000002,24.28,2022-10-06,AFM,,22.72,24.28,1.5564219375274706,0.0035780624725314,0.014429464936256409
49,430,4942-47-6,,,,10.1002/adfm.202205507,C1C2CC3CC1CC(C2)(C3)CC(=O)O,21.0,0.6700000000000017,21.67,2022-06-30,AFM,,21.0,21.67,1.6812898956089852,-1.0112898956089835,-0.14340028166770935
158,229,2207-75-2,,,,10.1016/j.cej.2022.135671,C1(=NC(=O)NC(=O)N1)C(=O)[O-].[K+],20.06,2.030000000000001,22.09,2022-07,AFM,,20.06,22.09,1.749531686653534,0.2804683133464671,0.3971681296825409
184,218,504-29-0,,,,10.1016/j.cej.2022.139345,C1=CC=NC(=C1)N,19.15,1.770000000000003,20.92,2023-01,AFM,,19.15,20.92,1.815595548196661,-0.0455955481966581,-0.05162586644291878
81,293,354-38-1,,,,10.1002/solr.202200284,C(=O)(C(F)(F)F)N,22.31,1.850000000000001,24.16,2022-06-08,AFM,,22.31,24.16,1.5861869740469017,0.2638130259530995,0.35530728101730347
50,219,50413-30-4,,,,10.1016/j.cej.2022.139321,COC1=CC(=C(C=C1)C(=O)OC)N,19.45,2.330000000000002,21.78,2023-01,AFM,,19.45,21.78,1.7938162531824433,0.5361837468175585,0.030550066381692886
232,129,,,Dapsone,NO_abbreviation,10.1021/acsaem.3c01209,C1=CC(=CC=C1N)S(=O)(=O)C2=CC=C(C=C2)N,22.1,1.699999999999996,23.8,2023-09-11,1,,22.1,23.8,1.6014324805568536,0.0985675194431423,0.21480776369571686
1,442,791-28-6,,,,10.1002/adfm.201910710,C1=CC=C(C=C1)P(=O)(C2=CC=CC=C2)C3=CC=CC=C3,18.05,1.050000000000001,19.1,2020-02-20,AFM,,18.05,19.1,1.895452963248792,-0.8454529632487913,-0.01224977895617485
156,170,131-57-7,,,,10.1016/j.orgel.2023.106762,COC1=CC(=C(C=C1)C(=O)C2=CC=CC=C2)O,22.58,1.020000000000003,23.6,2023-04,AFM,,22.58,23.6,1.5665856085341054,-0.5465856085341025,0.07082802057266235
24,238,121-57-3,,,,10.1016/j.cej.2021.129579,C1=CC(=CC=C1N)S(=O)(=O)O,18.02,2.300000000000001,20.32,2021-09,AFM,,18.02,20.32,1.897630892750214,0.402369107249787,0.28693071007728577
259,421,,,"potassium 1,1,2,2,3,3-hexafluoropropane-1,3-disulfonimide",KHFDF,10.1002/adfm.202215096,C1(C(S(=O)(=O)[N-]S(=O)(=O)C1(F)F)(F)F)(F)F.[K+],22.14,2.009999999999998,24.15,2023-03-13,2,,22.14,24.15,1.598528574554958,0.41147142544504,1.116499423980713
80,161,2909-79-7,,,,10.1016/j.scib.2020.05.031,CC(C)(C)C1=CC=C(C=C1)N(C)C,16.8,1.149999999999999,17.95,2020-10,AFM,,16.8,17.95,1.9862000258080328,-0.8362000258080335,-0.21724838018417358
275,327,27503-81-7,,,,10.1002/smtd.202101257,C1=CC=C(C=C1)C2=NC3=C(N2)C=C(C=C3)S(=O)(=O)O,20.38,2.890000000000001,23.27,2021-12-24,AFM,,20.38,23.27,1.7263004386383685,1.1636995613616326,0.2747128903865814
112,215,144-62-7,,,,10.1016/j.cej.2023.141705,C(=O)(C(=O)O)O,21.2,1.710000000000001,22.91,2023-03,AFM,,21.2,22.91,1.6667703655995068,0.0432296344004943,0.5001205801963806
188,208,51-61-6,,"4-(2-aminoethyl)benzene-1,2-diol",,10.1016/j.electacta.2020.136720,C1=CC(=C(C=C1CCN)O)O,17.74,2.01,19.75,2020-09,AFM,,17.74,19.75,1.917958234763484,0.0920417652365157,-0.06487435102462769
33,25,1918-77-0,,,,10.1039/d2cc03890k,C1=CSC(=C1)CC(=O)O,18.1,2.5,20.6,2022,AFM,,18.1,20.6,1.8918230807464227,0.6081769192535773,0.0759851485490799
208,115,1835-65-0,,,,10.1021/acsami.1c07610,C(#N)C1=C(C(=C(C(=C1F)F)F)F)C#N,19.4,3.420000000000002,22.82,2021-08-19,AFM,,19.4,22.82,1.7974461356848128,1.622553864315189,0.6754022240638733
248,160,5396-38-3,,1-tert-butyl-4-methoxybenzene,,10.1016/j.scib.2020.05.031,CC(C)(C)C1=CC=C(C=C1)OC,16.8,0.6899999999999977,17.49,2020-10,AFM,,16.8,17.49,1.9862000258080328,-1.2962000258080348,-0.20550823211669922
198,315,141-32-2,,,,10.1002/solr.202000621,CCCCOC(=O)C=C,16.8,3.199999999999999,20.0,2020-11-16,AFM,,16.8,20.0,1.9862000258080328,1.2137999741919665,-0.08071686327457428
186,295,96-26-4,,,,10.1002/solr.202200082,C(C(=O)CO)O,20.21,3.050000000000001,23.26,2022-04-12,AFM,,20.21,23.26,1.738642039146425,1.311357960853576,0.007480353116989136
66,193,5962-42-5,,3-phosphonopropanoic acid,,10.1016/j.joule.2021.04.003,C(CP(=O)(O)O)C(=O)O,20.8,0.4199999999999982,21.22,2021-05,AFM,,20.8,21.22,1.6958094256184637,-1.275809425618465,0.11867617070674896
16,9,404-86-4,,(E)-N-[(4-hydroxy-3-methoxyphenyl)methyl]-8-methylnon-6-enamide,,10.1063/5.0082785,CC(C)/C=C/CCCCC(=O)NCC1=CC(=C(C=C1)O)OC,20.5,1.649999999999999,22.15,2022-03-07,AFM,,20.5,22.15,1.7175887206326814,-0.0675887206326824,-0.18738742172718048
196,142,62671-38-9,,,,10.1021/acsaem.0c01329,CN1C(=NN=N1)SSC2=NN=NN2C,17.9,2.770000000000003,20.67,2020-09-24,AFM,,17.9,20.67,1.9063426107559012,0.8636573892441017,0.35637393593788147
242,301,130290-79-8,,,,10.1002/solr.202100979,C1COCCC1CN,20.56,1.66,22.22,2022-01-06,AFM,,20.56,22.22,1.7132328616298378,-0.0532328616298378,-0.24085219204425812
145,93,1191-62-4,,,,10.1021/acsami.8b02257,C(CCCCS)CCCS,18.89,0.4699999999999989,19.36,2018-04-11,AFM,,18.89,19.36,1.834470937208983,-1.364470937208984,-0.3145926892757416
15,105,100-81-2,,,,10.1021/acsami.2c02250,CC1=CC(=CC=C1)CN,20.7,0.7200000000000024,21.42,2022-03-30,AFM,,20.7,21.42,1.703069190623203,-0.9830691906232004,-0.16502054035663605
146,350,,,difluoroacetic anhydride,DFA,10.1002/anie.202404401,C(C(=O)OC(=O)C(F)F)(F)F,22.64,2.640000000000001,25.28,2024-06-19,1,,22.64,25.28,1.5622297495312618,1.0777702504687392,0.3275005519390106
50,211,15509-95-2,,,,10.1016/j.cej.2023.142449,C1=CSC(=C1)C2=CC(=CC(=C2)C3=CC=CS3)C4=CC=CS4,19.56,2.900000000000002,22.46,2023-05,AFM,,19.56,22.46,1.7858305116772302,1.114169488322772,0.1298401802778244
173,441,1660-95-3,,,,10.1002/adfm.201910710,CC(C)OP(=O)(CP(=O)(OC(C)C)OC(C)C)OC(C)C,18.05,1.079999999999998,19.13,2020-02-20,AFM,,18.05,19.13,1.895452963248792,-0.8154529632487941,-0.19171150028705597
99,358,131-57-7,,,,10.1002/anie.202100218,COC1=CC(=C(C=C1)C(=O)C2=CC=CC=C2)O,19.82,3.27,23.09,2021-02-26,AFM,,19.82,23.09,1.766955122664908,1.503044877335092,0.07082806527614594
9,304,64-04-0,,,,10.1002/solr.202100805,C1=CC=C(C=C1)CCN,20.71,0.93,21.64,2021-11-16,AFM,,20.71,21.64,1.7023432141227288,-0.7723432141227288,-0.1809719353914261
202,419,,,Anethole,NO_abbreviation,10.1002/adfm.202405374,CC=CC1=CC=C(C=C1)OC,17.4,3.010000000000002,20.41,2024-07-17,1,,17.4,20.41,1.9426414357795971,1.0673585642204046,-0.030692439526319504
126,64,108-32-7,,,,10.1038/s41467-019-08455-z,CC1COC(=O)O1,17.88,1.75,19.63,2019-01-31,AFM,,17.88,19.63,1.9077945637568487,-0.1577945637568492,0.03171997144818306
276,330,,,Ytterbium Fluoride,YbF3,10.1002/smll.202303017,F[Yb](F)F,22.45,2.079999999999998,24.53,2023-07-21,2,,22.45,24.53,1.5760233030402664,0.5039766969597315,-0.08770973980426788
195,22,,16095591.0,2-(5-thiophen-2-ylthiophen-2-yl)ethanamine,,10.1039/d2ta01349e,C1=CSC(=C1)C2=CC=C(S2)CCN,21.74,1.850000000000001,23.59,2022,AFM,,21.74,23.59,1.627567634573915,0.222432365426086,-0.01811422035098076
34,158,3978-81-2,,,,10.1016/j.scib.2020.05.031,CC(C)(C)C1=CC=NC=C1,16.8,1.300000000000001,18.1,2020-10,AFM,,16.8,18.1,1.9862000258080328,-0.6862000258080316,-0.22840841114521027
110,336,371-40-4,,,,10.1002/smll.201803350,C1=CC(=CC=C1N)F,16.0,2.600000000000001,18.6,2018-11-12,AFM,,16.0,18.6,2.0442781458459462,0.5557218541540547,-0.019126687198877335
253,7, 58-08-2,,,,10.1126/science.aay9698,CN1C=NC2=C1C(=O)N(C(=O)N2C)C,21.02,1.300000000000001,22.32,2019-12-20,AFM,,21.02,22.32,1.6798379426080374,-0.3798379426080365,0.10917045176029205
260,291,17455-13-9,,,,10.1002/solr.202200303,C1COCCOCCOCCOCCOCCO1,16.38,3.310000000000002,19.69,2022-07-05,AFM,,16.38,19.69,2.016691038827937,1.2933089611720645,-0.21742160618305206
6,179, 4430-05-1,,,,10.1016/j.nanoen.2022.107200,C1C(=O)NC(=O)CO1,20.88,2.170000000000002,23.05,2022-06,AFM,,20.88,23.05,1.6900016136146725,0.4799983863853299,0.3102659285068512
133,34,16378-06-6,,,,10.1039/d0ta10270a,C1=CSC=C1CCC(=O)O,17.54,1.130000000000003,18.67,2021,AFM,,17.54,18.67,1.9324777647729623,-0.8024777647729595,0.007930193096399307
256,40,290-37-9,,pyrazine,,10.1039/C9SE01041F,C1=CN=CC=N1,18.79,1.300000000000001,20.09,2020,AFM,,18.79,20.09,1.841730702213722,-0.5417307022137212,-0.08264611661434174
210,119,66-71-7,,,,10.1021/acsami.1c02929,C1=CC2=C(C3=C(C=CC=N3)C=C2)N=C1,18.03,2.129999999999999,20.16,2021-05-19,AFM,,18.03,20.16,1.89690491624974,0.233095083750259,0.06153803691267967
34,247,6000-44-8,,,,10.1016/j.apsusc.2022.153842,C(C(=O)[O-])N.[Na+],18.46,1.149999999999999,19.61,2022-10,AFM,,18.46,19.61,1.8656879267293616,-0.7156879267293625,-0.02167266234755516
135,243, 75-12-7,,,,10.1016/j.cej.2020.127204,C(=O)N,19.16,0.1699999999999982,19.33,2021-03,AFM,,19.16,19.33,1.814869571696187,-1.6448695716961887,0.18354272842407227
266,416,791-28-6,,,,10.1002/adma.201907396,C1=CC=C(C=C1)P(=O)(C2=CC=CC=C2)C3=CC=CC=C3,20.8,0.5999999999999979,21.4,2020-04-30,AFM,,20.8,21.4,1.6958094256184637,-1.0958094256184656,-0.012249752879142761
218,335,87-41-2,,,,10.1002/smll.202103336,C1C2=CC=CC=C2C(=O)O1,20.34,1.649999999999999,21.99,2021-10-27,AFM,,20.34,21.99,1.729204344640264,-0.079204344640265,0.12802089750766754
54,307,2634-33-5,,,,10.1002/solr.202100472,C1=CC=C2C(=C1)C(=O)NS2,19.91,1.919999999999998,21.83,2021-08-21,AFM,,19.91,21.83,1.7604213341606427,0.1595786658393552,0.1834954470396042
83,28,112-55-0,,,,10.1039/d1tc01720a,CCCCCCCCCCCCS,19.07,1.82,20.89,2021,AFM,,19.07,20.89,1.821403360200452,-0.0014033602004521,-0.36683765053749084
28,432,56-84-8,,(2S)-2-aminobutanedioic acid,,10.1002/adfm.202204725,C([C@@H](C(=O)O)N)C(=O)O,21.5,2.239999999999998,23.74,2022-06-22,AFM,,21.5,23.74,1.644991070585289,0.595008929414709,0.2379259616136551
44,382,373-88-6,,,,10.1002/aenm.202101454,C(C(F)(F)F)N.Cl,22.28,0.6999999999999993,22.98,2021-06-23,AFM,,22.28,22.98,1.588364903548323,-0.8883649035483236,-0.15850095450878143
170,241,824-75-9,,4-fluorobenzamide,,10.1016/j.cej.2020.127204,C1=CC(=CC=C1C(=O)N)F,19.16,2.190000000000001,21.35,2021-03,AFM,,19.16,21.35,1.814869571696187,0.3751304283038139,0.13403098285198212
134,393,110-02-1,,,,10.1002/aenm.201703143,C1=CSC=C1,17.31,1.150000000000002,18.46,2018-01-22,AFM,,17.31,18.46,1.9491752242838627,-0.7991752242838608,-0.10253041982650757
40,124,7498-57-9,,,,10.1021/acsami.0c00762,C1=CC=C2C=C(C=CC2=C1)CC#N,18.01,2.209999999999997,20.22,2020-04-07,AFM,,18.01,20.22,1.898356869250688,0.3116431307493088,0.07748377323150635
30,76,95-50-1,,,,10.1021/acssuschemeng.2c05816,C1=CC=C(C(=C1)Cl)Cl,19.07,1.68,20.75,2022-12-12,AFM,,19.07,20.75,1.821403360200452,-0.1414033602004523,-0.07843214273452759
214,5,58-55-9,,"1,3-dimethyl-7H-purine-2,6-dione",,10.1126/science.aay9698,CN1C2=C(C(=O)N(C1=O)C)NC=N2,21.02,2.460000000000001,23.48,2019-12-20,AFM,,21.02,23.48,1.6798379426080374,0.7801620573919634,0.1608138233423233
7,20,61798-56-9,,,,10.1039/d2ta02084j,CCC1=NS(=O)(=O)C2=CC=CC=C21,21.46,2.390000000000001,23.85,2022,AFM,,21.46,23.85,1.6478949765871846,0.7421050234128164,0.40808507800102234
239,153,70-18-8,,,,10.1016/j.solmat.2022.112088,C(CC(=O)N[C@@H](CS)C(=O)NCC(=O)O)[C@@H](C(=O)O)N,19.47,2.190000000000001,21.66,2023-01,AFM,,19.47,21.66,1.7923643001814955,0.3976356998185053,0.21198950707912445
171,321,13826-27-2,,,,10.1002/solr.201900217,B1(OC2=CC=CC=C2O1)B3OC4=CC=CC=C4O3,20.62,1.119999999999997,21.74,2019-08-15,AFM,,20.62,21.74,1.7088770026269942,-0.5888770026269972,0.16587142646312714
269,132,  2530-10-1,,,,10.1021/acsaem.2c01881,CC1=CC(=C(S1)C)C(=O)C,17.47,1.560000000000002,19.03,2022-11-25,AFM,,17.47,19.03,1.93755960027628,-0.3775596002762778,-0.06396360695362091
194,19,54-20-6,,"5-(trifluoromethyl)-1H-pyrimidine-2,4-dione",,10.1039/d2ta03601k,C1=C(C(=O)NC(=O)N1)C(F)(F)F,21.1,1.099999999999998,22.2,2022,AFM,,21.1,22.2,1.6740301306042458,-0.5740301306042477,0.36497220396995544
204,48,2646-30-2,,N-(4-bromophenyl)thiourea,BrPh-ThR,10.1039/c8ee02252f,C1=CC(=CC=C1NC(=S)N)Br,19.3,2.399999999999999,21.7,2018,AFM,,19.3,21.7,1.804705900689552,0.595294099310447,0.2625574767589569
118,427,62-56-6,,,,10.1002/adfm.202208885,C(=S)(N)N,20.95,3.060000000000002,24.01,2022-10-09,AFM,,20.95,24.01,1.684919778111355,1.3750802218886469,0.3489355742931366
14,86,2421-28-5,,,,10.1021/acsenergylett.1c01465,C1=CC2=C(C=C1C(=O)C3=CC4=C(C=C3)C(=O)OC4=O)C(=O)OC2=O,19.58,2.300000000000001,21.88,2021-09-03,AFM,,19.58,21.88,1.7843785586762824,0.5156214413237188,0.5454006195068359
45,65,96-49-1,,,,10.1038/s41467-019-08455-z,C1COC(=O)O1,17.88,1.580000000000002,19.46,2019-01-31,AFM,,17.88,19.46,1.9077945637568487,-0.3277945637568471,0.11836569011211395
26,23,40332-58-9,,,,10.1039/d2ta00653g,C(C1=C(C(=C(C(=C1F)F)F)F)F)[C@H](C(=O)O)N,19.42,2.139999999999997,21.56,2022,AFM,,19.42,21.56,1.7959941826838648,0.3440058173161322,0.1983010619878769
233,213,110-15-6,,,,10.1016/j.cej.2023.141705,C(CC(=O)O)C(=O)O,21.2,0.6099999999999994,21.81,2023-03,AFM,,21.2,21.81,1.6667703655995068,-1.056770365599507,0.13451603055000305
273,75,3238-40-2,,,,10.1021/acssuschemeng.2c07584,C1=C(OC(=C1)C(=O)O)C(=O)O,21.73,2.34,24.07,2023-03-27,AFM,,21.73,24.07,1.6282936110743889,0.711706388925611,0.35532692074775696
262,283,165190-76-1,,,,10.1002/solr.202200786,C1=CSC(=C1)C2=CC=C(C3=NSN=C23)C4=CC=CS4,17.18,3.390000000000001,20.57,2022-10-02,AFM,,17.18,20.57,1.958612918790024,1.4313870812099774,0.237090066075325
121,348,,602309.0,"1-[[3,3-dimethylbutan-2-yloxy(methyl)phosphoryl]oxymethyl]-2,3,4,5,6-pentafluorobenzene",,10.1002/cssc.202002707,CC(C(C)(C)C)OP(=O)(C)OCC1=C(C(=C(C(=C1F)F)F)F)F,20.19,2.059999999999999,22.25,2021-01-19,AFM,,20.19,22.25,1.7400939921473728,0.3199060078526263,-0.09819643199443817
125,347,616-47-7,,1-methylimidazole,,10.1002/cssc.202101097,CN1C=CN=C1,19.48,0.3999999999999986,19.88,2021-07-05,AFM,,19.48,19.88,1.7916383236810214,-1.3916383236810228,-0.1300061196088791
211,440,65-85-0,,,,10.1002/adfm.202005155,C1=CC=C(C=C1)C(=O)O,19.5,1.09999999999999,20.59999999999999,2020-09-06,AFM,,19.5,20.59999999999999,1.7901863706800736,-0.6901863706800835,0.08602918684482574
241,369,,,benzoic acid,BAC,10.1002/aenm.202203635,C1=CC=C(C=C1)C(=O)O,22.43,1.0,23.43,2023-02-12,2,,22.43,23.43,1.5774752560412142,-0.5774752560412142,0.08602918684482574
119,438,616-44-4,,3-methylthiophene,,10.1002/adfm.202005155,CC1=CSC=C1,19.5,1.100000000000001,20.6,2020-09-06,AFM,,19.5,20.6,1.7901863706800736,-0.6901863706800726,-0.13788609206676483
42,177,110-91-8,,,,10.1016/j.nanoen.2022.107200,C1COCCN1,20.88,0.6999999999999993,21.58,2022-06,AFM,,20.88,21.58,1.6900016136146725,-0.990001613614673,-0.1952025145292282
20,297,107-99-3,,,,10.1002/solr.202101107,CN(C)CCCl,19.7,0.6000000000000014,20.3,2022-02-22,AFM,,19.7,20.3,1.775666840670595,-1.1756668406705937,-0.311281681060791
11,340,78151-58-3 ,,,,10.1002/eom2.12146,CCCCCCCCN1C(=O)C2=C3C(=CC=C4C3=C(C=C2)C5=C6C4=CC=C7C6=C(C=C5)C(=O)N(C7=O)CCCCCCCC)C1=O,19.52,2.719999999999999,22.24,2021-10-18,AFM,,19.52,22.24,1.7887344176791258,0.9312655823208732,0.0197996087372303
38,95,100-21-0,,,,10.1021/acsami.7b08488,C1=CC(=CC=C1C(=O)O)C(=O)O,16.53,1.98,18.51,2017-09-29,AFM,,16.53,18.51,2.005801391320829,-0.0258013913208285,0.2634567320346832
228,373,3081-61-6,,,,10.1002/aenm.202203190,CCNC(=O)CC[C@@H](C(=O)O)N,22.29,2.19,24.48,2022-12-04,AFM,,22.29,24.48,1.5876389270478493,0.6023610729521507,0.01827707514166832
40,362,,,6BAS,6BAS,10.1002/aenm.202400078,C1C=C(SC2C(SC3C=CC(C(O)=O)=CC=3)=C(SC3C=CC(C(O)=O)=CC=3)C(SC3C=CC(C(O)=O)=CC=3)=C(SC3C=CC(C(O)=O)=CC=3)C=2SC2C=CC(C(O)=O)=CC=2)C=CC=1C(O)=O,22.91,2.409999999999997,25.32,2024-04-29,1,,22.91,25.32,1.542628384018466,0.867371615981531,0.33205726742744446
175,184,106-71-8,,,,10.1016/j.mtener.2023.101269,C=CC(=O)OCCC#N,18.38,1.850000000000001,20.23,2023-04,AFM,,18.38,20.23,1.871495738733153,-0.021495738733152,0.22457705438137054
37,246,582-24-1,,,,10.1016/j.apsusc.2022.153842,C1=CC=C(C=C1)C(=O)CO,19.61,1.100000000000001,20.71,2022-10,AFM,,19.61,20.71,1.7822006291748604,-0.6822006291748595,0.02091798558831215
193,33,88495-63-0,,,,10.1039/d0ta10717d,C[C@@H]1CC[C@H]2[C@H]([C@@H](O[C@H]3[C@@]24[C@H]1CC[C@](O3)(OO4)C)OC(=O)CCC(=O)O)C,19.53,1.48,21.01,2021,AFM,,19.53,21.01,1.7880084411786517,-0.3080084411786516,0.06366266310214996
179,325,63-91-2,,,,10.1002/smtd.202200669,C1=CC=C(C=C1)C[C@@H](C(=O)O)N,19.07,2.879999999999999,21.95,2022-11-10,AFM,,19.07,21.95,1.821403360200452,1.0585966397995468,0.06557147204875946
68,245,15302-96-2,,,,10.1016/j.apsusc.2022.155042,CC[N+]1=CC=CC=C1,18.85,0.5899999999999999,19.44,2023-01,AFM,,18.85,19.44,1.8373748432108783,-1.2473748432108789,-0.2044277787208557
251,67,45497-73-2,,anilinium iodide,,10.1038/s41467-018-06709-w ,C1=CC=C(C=C1)N.I,19.2,1.3,20.5,2018-10-26,AFM,,19.2,20.5,1.8119656656942915,-0.5119656656942912,-0.16055719554424286
152,165,939-97-9,,,,10.1016/j.scib.2020.05.031,CC(C)(C)C1=CC=C(C=C1)C=O,16.8,1.349999999999998,18.15,2020-10,AFM,,16.8,18.15,1.9862000258080328,-0.6362000258080345,-0.1166563630104065
33,192,75-64-9,,,,10.1016/j.joule.2022.02.003,CC(C)(C)N,22.39,0.8099999999999987,23.2,2022-03,AFM,,22.39,23.2,1.58037916204311,-0.7703791620431113,-0.31759923696517944
35,2,,,4-(Trifluoromethyl)-1H-imidazole,THI,10.3390/molecules28134976,C1=C(NC=N1)C(F)(F)F,16.49,2.480000000000004,18.97,2023-06-24,1,,16.49,18.97,2.0087052973227246,0.4712947026772793,0.1548338085412979
200,385,7575-23-7,,,,10.1002/aenm.201903696,C(CS)C(=O)OCC(COC(=O)CCS)(COC(=O)CCS)COC(=O)CCS,19.0,2.399999999999999,21.4,2020-02-03,AFM,,19.0,21.4,1.8264851957037695,0.5735148042962293,-0.02365458756685257
93,262,,,5‐Amino‐2‐Fluorobenzoic Acid,5‐AFA,10.1002/solr.202300766,C1=CC(=C(C=C1N)C(=O)O)F,19.17,1.199999999999996,20.37,2023-11-10,1,,19.17,20.37,1.814143595195713,-0.614143595195717,0.16610415279865265
212,204,110-86-1,,,,10.1016/j.jechem.2020.04.049,C1=CC=NC=C1,18.83,1.540000000000003,20.37,2021-01,AFM,,18.83,20.37,1.8388267962118263,-0.2988267962118236,-0.13426776230335236
48,306,59337-93-8,,,,10.1002/solr.202100731,COC(=O)C1=C(C=CS1)S(=O)(=O)N,19.19,1.579999999999998,20.77,2021-11-23,AFM,,19.19,20.77,1.812691642194765,-0.2326916421947669,0.36996784806251526
19,163,35779-04-5,,,,10.1016/j.scib.2020.05.031,CC(C)(C)C1=CC=C(C=C1)I,16.8,0.8099999999999987,17.61,2020-10,AFM,,16.8,17.61,1.9862000258080328,-1.1762000258080338,-0.21761223673820496
139,278,652-03-9,,"3,4,5,6-tetrafluorophthalic acid",,10.1002/solr.202201025,C1(=C(C(=C(C(=C1F)F)F)F)C(=O)O)C(=O)O,21.46,2.239999999999998,23.7,2022-12-25,AFM,,21.46,23.7,1.6478949765871846,0.5921050234128133,0.4014703333377838
205,407,,10006.0,Hydantoin,NO_abbreviation,10.1002/adma.202313673,C1C(=O)NC(=O)N1,23.79,1.870000000000001,25.66,2024-03-26,1,,23.79,25.66,1.478742451976761,0.3912575480232401,0.47002026438713074
172,144,619-65-8,,4-cyanobenzoic acid,,10.1021/acs.nanolett.6b04015,C1=CC(=CC=C1C#N)C(=O)O,17.19,1.079999999999998,18.27,2016-12-16,AFM,,17.19,18.27,1.9578869422895493,-0.8778869422895514,0.33764055371284485
278,237, 99-06-9,,,,10.1016/j.cej.2021.131676,C1=CC(=CC(=C1)O)C(=O)O,17.07,1.19,18.26,2022-01,AFM,,17.07,18.26,1.9665986602952368,-0.7765986602952368,0.14868669211864471
32,332,,,proline ,Pro,10.1002/smll.202301630,C1CC(NC1)C(=O)O,22.67,1.02,23.69,2023-04-28,1,,22.67,23.69,1.56005182002984,-0.5400518200298399,-0.013025641441345215
181,140,15827-60-8,,,,10.1021/acsaem.1c00192,C(CN(CP(=O)(O)O)CP(=O)(O)O)N(CCN(CP(=O)(O)O)CP(=O)(O)O)CP(=O)(O)O,17.74,2.280000000000001,20.02,2021-04-07,AFM,,17.74,20.02,1.917958234763484,0.3620417652365171,0.06791657209396362
38,414,15625-89-5,,,,10.1002/adma.202008487,CCC(COC(=O)C=C)(COC(=O)C=C)COC(=O)C=C,20.3,2.099999999999998,22.4,2021-06-04,AFM,,20.3,22.4,1.7321082506421597,0.3678917493578382,0.12957200407981873
14,141,65-71-4,,,,10.1021/acsaem.0c03068,CC1=CNC(=O)NC1=O,19.0,1.0,20.0,2021-04-12,AFM,,19.0,20.0,1.8264851957037695,-0.8264851957037698,0.15398968756198883
90,388,281-23-2,,adamantane,,10.1002/aenm.201800275,C1C2CC3CC1CC(C2)C3,19.32,1.149999999999999,20.47,2018-04-03,AFM,,19.32,20.47,1.8032539476886045,-0.6532539476886052,-0.2471996247768402
27,228, 76-05-1,,,,10.1016/j.cej.2022.136936,C(=O)(C(F)(F)F)O,20.3,2.52,22.82,2022-10,AFM,,20.3,22.82,1.7321082506421597,0.7878917493578403,0.38138821721076965
130,109,57-00-1,,2-[carbamimidoyl(methyl)amino]acetic acid,,10.1021/acsami.2c00231,CN(CC(=O)O)C(=N)N,20.5,1.100000000000001,21.6,2022-04-27,AFM,,20.5,21.6,1.7175887206326814,-0.6175887206326804,0.17279955744743347
105,73,2041-14-7,,,,10.1021/jacs.0c09560,C(CP(=O)(O)O)N,20.46,1.890000000000001,22.35,2020-11-16,AFM,,20.46,22.35,1.720492626634577,0.1695073733654239,-0.04345233365893364
87,281,52-90-4,,(2R)-2-amino-3-sulfanylpropanoic acid,,10.1002/solr.202200935,C([C@@H](C(=O)O)N)S,14.71,2.699999999999999,17.41,2023-01-05,AFM,,14.71,17.41,2.1379291144070827,0.5620708855929162,0.16058193147182465
107,302,2129-89-7,,,,10.1002/solr.202100942,CP(=O)(C1=CC=CC=C1)C2=CC=CC=C2,18.94,1.16,20.1,2021-12-16,AFM,,18.94,20.1,1.8308410547066127,-0.6708410547066133,-0.06168848276138306
185,203,51-61-6,,"4-(2-aminoethyl)benzene-1,2-diol",,10.1016/j.jechem.2020.05.061,C1=CC(=C(C=C1CCN)O)O,18.31,2.720000000000002,21.03,2021-03,AFM,,18.31,21.03,1.8765775742364703,0.8434224257635314,-0.06487433612346649
227,197,131472-28-1,,,,10.1016/j.jechem.2022.09.037,C1=CC(=CC=C1C(=N)N)C(F)(F)F,21.28,2.119999999999997,23.4,2023-01,AFM,,21.28,23.4,1.660962553595715,0.4590374464042817,0.2391975075006485
74,239,100-46-9,,,,10.1016/j.cej.2020.127204,C1=CC=C(C=C1)CN,19.16,0.6499999999999986,19.81,2021-03,AFM,,19.16,19.81,1.814869571696187,-1.1648695716961883,-0.1437218338251114
46,185,79-40-3,,,,10.1016/j.mtener.2022.101004,C(=S)(C(=S)N)N,18.58,2.48,21.06,2022-06,AFM,,18.58,21.06,1.8569762087236743,0.6230237912763255,0.7464597821235657
22,396,,,"1‐[Bis(trifluoromethanesulfonyl)methyl]‐ 2,3,4,5,6‐pentafluorobenzene",TFSP,10.1002/advs.202412557,C1(=C(C(=C(C(=C1F)F)F)F)F)C(S(=O)(=O)C(F)(F)F)S(=O)(=O)C(F)(F)F,23.32,2.140000000000001,25.46,2024-12-12,1,,23.32,25.46,1.5128633474990352,0.6271366525009658,0.7289375066757202
76,443,1259-35-4,,,,10.1002/adfm.201910710,C1(=C(C(=C(C(=C1F)F)P(C2=C(C(=C(C(=C2F)F)F)F)F)C3=C(C(=C(C(=C3F)F)F)F)F)F)F)F,18.05,2.989999999999998,21.04,2020-02-20,AFM,,18.05,21.04,1.895452963248792,1.0945470367512058,0.27502718567848206
216,339,540-63-6,,,,10.1002/eom2.12185,C(CS)S,19.6,1.399999999999999,21.0,2022-01-30,AFM,,19.6,21.0,1.7829266056753343,-0.3829266056753353,-0.1927049309015274
286,276,60230-37-7,,,,10.1002/solr.202300028,C1=CC(=C(C(=C1)F)S(=O)(=O)N)F,21.36,1.359999999999999,22.72,2023-02-24,AFM,,21.36,22.72,1.655154741591924,-0.2951547415919251,0.33625656366348267
149,130,5336-24-3,,"1,3-ditert-butylurea",,10.1021/acsaem.2c02313,CC(C)(C)NC(=O)NC(C)(C)C,20.3,0.8999999999999986,21.2,2022-10-25,AFM,,20.3,21.2,1.7321082506421597,-0.8321082506421611,-0.18838796019554138
257,174,123622-48-0,,,,10.1016/j.orgel.2020.105982,C1=CC=C2C(=C1)C(C3=CC=CC=C32)COC(=O)NCCCCC(=O)O,19.055,2.16,21.215,2020-12,AFM,,19.055,21.215,1.822492324951163,0.337507675048837,0.03399590030312538
98,381,430-67-1,,"2,2-difluoroethanamine",,10.1002/aenm.202101454,C(C(F)F)N,22.28,0.8399999999999999,23.12,2021-06-23,AFM,,22.28,23.12,1.588364903548323,-0.7483649035483231,-0.19954410195350647
21,428,62-56-6,,,,10.1002/adfm.202208885,C(=S)(N)N,20.95,3.470000000000002,24.42,2022-10-09,AFM,,20.95,24.42,1.684919778111355,1.785080221888647,0.348935604095459
24,137,107-95-9,,,,10.1021/acsaem.1c03296,C(CN)C(=O)O,18.5,1.899999999999999,20.4,2021-12-07,AFM,,18.5,20.4,1.8627840207274655,0.0372159792725332,-0.04775472357869148
178,126,62-55-5,,,,10.1021/acsami.0c00146,CC(=S)N,19.52,2.05,21.57,2020-02-25,AFM,,19.52,21.57,1.7887344176791258,0.261265582320874,0.1219034343957901
5,346,1632-83-3,,,,10.1002/cssc.202101097,CN1C=NC2=CC=CC=C21,19.48,1.739999999999998,21.22,2021-07-05,AFM,,19.48,21.22,1.7916383236810214,-0.0516383236810233,-0.028094008564949036
25,171,60-10-6,,,,10.1016/j.orgel.2022.106604,C1=CC=C(C=C1)NNC(=S)N=NC2=CC=CC=C2,16.96,2.710000000000001,19.67,2022-09,AFM,,16.96,19.67,1.97458440180045,0.7354155981995509,0.3639107048511505
199,85,1107-00-2,,,,10.1021/acsenergylett.1c01465,C1=CC2=C(C=C1C(C3=CC4=C(C=C3)C(=O)OC4=O)(C(F)(F)F)C(F)(F)F)C(=O)OC2=O,19.58,2.850000000000001,22.43,2021-09-03,AFM,,19.58,22.43,1.7843785586762824,1.0656214413237186,0.48599472641944885
58,333,  64-10-8,,,,10.1002/smll.202300374,C1=CC=C(C=C1)NC(=O)N,17.94,2.399999999999999,20.34,2023-03-15,AFM,,17.94,20.34,1.9034387047540051,0.4965612952459937,0.11748780310153961
207,392,616-44-4,,3-methylthiophene,,10.1002/aenm.201703143,CC1=CSC=C1,17.31,1.190000000000001,18.5,2018-01-22,AFM,,17.31,18.5,1.9491752242838627,-0.7591752242838616,-0.13788610696792603
63,66,29515-99-9,,5-(methylthio)-1H-tetrazole,,10.1038/s41467-018-06709-w ,CSC1=NNN=N1,19.2,1.3,20.5,2018-10-26,AFM,,19.2,20.5,1.8119656656942915,-0.5119656656942912,0.10165537893772125
18,155,791-28-6,,,,10.1016/j.solmat.2020.110527,C1=CC=C(C=C1)P(=O)(C2=CC=CC=C2)C3=CC=CC=C3,17.24,1.050000000000001,18.29,2020-07,AFM,,17.24,18.29,1.95425705978718,-0.9042570597871792,-0.012249752879142761
8,356, 4181-05-9,,,,10.1002/anie.202302462,C1=CC=C(C=C1)N(C2=CC=CC=C2)C3=CC=C(C=C3)C=O,20.77,2.43,23.2,2023-04-20,AFM,,20.77,23.2,1.6979873551198854,0.7320126448801147,0.08586549758911133
4,390,34722-01-5,,,,10.1002/aenm.201703143,CCCCC1=CSC=C1,17.31,1.850000000000001,19.16,2018-01-22,AFM,,17.31,19.16,1.9491752242838627,-0.0991752242838617,-0.24191510677337646
72,50,14294-11-2,,,,10.1039/c7ta00894e,C1=CC=NC(=C1)NC(=S)N,15.5,2.699999999999999,18.2,2017,AFM,,15.5,18.2,2.0805769708696427,0.6194230291303562,0.24375872313976288
131,78,94-62-2,,,,10.1021/acssuschemeng.2c05527,C1CCN(CC1)C(=O)/C=C/C=C/C2=CC3=C(C=C2)OCO3,21.49,1.880000000000003,23.37,2022-11-29,AFM,,21.49,23.37,1.6457170470857632,0.2342829529142398,-0.1678593009710312
141,383,71195-85-2,,,,10.1002/aenm.202101394,C=CC(=O)OC1=C(C(=C(C(=C1F)F)F)F)F,20.22,2.200000000000003,22.42,2021-06-17,AFM,,20.22,22.42,1.737916062645951,0.4620839373540515,0.32679495215415955
113,182,615-15-6,,2-methyl-1H-benzimidazole,,10.1016/j.nanoen.2020.105127,CC1=NC2=CC=CC=C2N1,19.46,2.109999999999999,21.57,2020-10,AFM,,19.46,21.57,1.7930902766819692,0.3169097233180298,-0.026023302227258682
154,378,20999-38-6,,,,10.1002/aenm.202200758,C1=CC=C2C(=C1)C3=CC=CC=C3N2CCP(=O)(O)O,20.5,1.199999999999999,21.7,2022-05-30,AFM,,20.5,21.7,1.7175887206326814,-0.5175887206326824,0.05686267092823982
100,38,64-19-7,,,,10.1039/c9ta08042b,CC(=O)O,18.84,1.719999999999999,20.56,2019,AFM,,18.84,20.56,1.8381008197113524,-0.1181008197113533,0.0196908600628376
219,242,619-56-7,,4-chlorobenzamide,,10.1016/j.cej.2020.127204,C1=CC(=CC=C1C(=O)N)Cl,19.16,1.789999999999999,20.95,2021-03,AFM,,19.16,20.95,1.814869571696187,-0.0248695716961879,0.11088959872722626
67,221,771-60-8,,,,10.1016/j.cej.2022.139308,C1(=C(C(=C(C(=C1F)F)F)F)F)N,18.09,1.219999999999999,19.31,2023-01,AFM,,18.09,19.31,1.8925490572468968,-0.6725490572468975,0.16643230617046356
220,207,75-89-8,,,,10.1016/j.isci.2019.06.004,C(C(F)(F)F)O,19.71,1.210000000000001,20.92,2019-06,AFM,,19.71,20.92,1.7749408641701212,-0.5649408641701201,-0.03969772532582283
46,319,17630-76-1,,,,10.1002/solr.201900529,C1=CC2=C(C=C1Cl)C(=O)C(=O)N2,18.13,2.050000000000001,20.18,2020-01-29,AFM,,18.13,20.18,1.889645151245001,0.1603548487550001,0.4519045948982239
187,273,7085-85-0,,,,10.1002/solr.202300105,CCOC(=O)C(=C)C#N,17.3,2.82,20.12,2023-04-07,AFM,,17.3,20.12,1.9499012007843364,0.8700987992156635,0.3453916013240814
101,42,110-86-1,,,,10.1039/c8ta11977e,C1=CC=NC=C1,17.58,1.41999999999999,18.99999999999999,2019,AFM,,17.58,18.99999999999999,1.929573858771067,-0.509573858771077,-0.13426776230335236
103,43,1148-79-4,,,,10.1039/c8ta11977e,C1=CC=NC(=C1)C2=NC(=CC=C2)C3=CC=CC=N3,17.58,1.100000000000001,18.68,2019,AFM,,17.58,18.68,1.929573858771067,-0.8295738587710659,0.059912968426942825
41,181,63968-64-9,,,,10.1016/j.nanoen.2020.105133,C[C@@H]1CC[C@H]2[C@H](C(=O)O[C@H]3[C@@]24[C@H]1CC[C@](O3)(OO4)C)C,18.42,2.01,20.43,2020-12,AFM,,18.42,20.43,1.8685918327312567,0.1414081672687426,0.04187222942709923
88,244,680-31-9,,N-[bis(dimethylamino)phosphoryl]-N-methylmethanamine,,10.1016/j.cej.2019.122436,CN(C)P(=O)(N(C)C)N(C)C,15.73,1.359999999999999,17.09,2020-01,AFM,,15.73,17.09,2.063879511358742,-0.703879511358743,-0.19115492701530457
238,417,645-65-8,,2-(1H-imidazol-5-yl)acetic acid,,10.1002/adma.201902902,C1=C(NC=N1)CC(=O)O,19.53,1.43,20.96,2019-08-12,AFM,,19.53,20.96,1.7880084411786517,-0.3580084411786517,0.10318168997764587
52,376,2039-67-0,,,,10.1002/aenm.202201463,COC1=CC=CC(=C1)CCN,21.36,0.7800000000000011,22.14,2022-09-13,AFM,,21.36,22.14,1.655154741591924,-0.875154741591923,-0.1548861861228943
177,409,7803-58-9,,,,10.1002/adma.202300174,NS(=O)(=O)N,21.61,2.23,23.84,2023-03-23,AFM,,21.61,23.84,1.637005329080076,0.5929946709199241,0.526279866695404
77,201,79-05-0,,,,10.1016/j.jechem.2020.07.050,CCC(=O)N,17.18,1.240000000000002,18.42,2021-05,AFM,,17.18,18.42,1.958612918790024,-0.7186129187900216,-0.09368880093097687
95,372,,,4-Aniline Sulfonic Acid,4A,10.1002/aenm.202203471,O=S(=O)(O)c1ccc(N)cc1,21.49,2.599999999999998,24.09,2023-01-15,2,,21.49,24.09,1.6457170470857632,0.9542829529142348,0.286930650472641
143,415,60-56-0,,,,10.1002/adma.201907396,CN1C=CNC1=S,17.68,2.420000000000002,20.1,2020-04-30,AFM,,17.68,20.1,1.9223140937663277,0.4976859062336747,0.0669860988855362
43,236,15733-89-8,,,,10.1016/j.cej.2021.131676,C1=CC=C2C(=C1)C(=CC(=O)N2)C(=O)O,17.07,3.329999999999998,20.4,2022-01,AFM,,17.07,20.4,1.9665986602952368,1.363401339704761,0.23595501482486725
96,146,,,Organic Phosphonate,NO_abbreviation,10.1021/acs.nanolett.3c01769,O(CC)P(CCC1(C2C=C(Br)C=CC=2C2C=CC(Br)=CC1=2)CCP(OCC)(=O)OCC)(OCC)=O,22.1,2.199999999999999,24.3,2023-09-25,1,,22.1,24.3,1.6014324805568536,0.5985675194431452,-0.07755593955516815
48,256,372-16-7,,,,10.1007/s12274-021-3673-8,C1=CC(=CC=C1N)SC(F)(F)F,18.0,2.239999999999998,20.24,2021-08-03,AFM,,18.0,20.24,1.899082845751162,0.340917154248836,0.18721188604831696
224,318,104-15-4,,,,10.1002/solr.202000113,CC1=CC=C(C=C1)S(=O)(=O)O,18.57,0.9699999999999988,19.54,2020-04-06,AFM,,18.57,19.54,1.8577021852241484,-0.8877021852241497,0.18871153891086578
258,166,26537-19-9,,,,10.1016/j.scib.2020.05.031,CC(C)(C)C1=CC=C(C=C1)C(=O)OC,16.8,1.129999999999999,17.93,2020-10,AFM,,16.8,17.93,1.9862000258080328,-0.8562000258080336,-0.12129151821136475
237,344,603-35-0,,triphenylphosphane,,10.1002/cssc.202102189,C1=CC=C(C=C1)P(C2=CC=CC=C2)C3=CC=CC=C3,18.36,1.859999999999999,20.22,2022-03-23,AFM,,18.36,20.22,1.8729476917341008,-0.0129476917341018,-0.05959412828087807
288,112,108-77-0,,,,10.1021/acsami.1c21081,C1(=NC(=NC(=N1)Cl)Cl)Cl,19.27,1.350000000000001,20.62,2022-01-31,AFM,,19.27,20.62,1.8068838301909735,-0.4568838301909728,0.15036265552043915
243,35,6964-21-2,,,,10.1039/d0ta10270a,C1=CSC=C1CC(=O)O,17.54,3.07,20.61,2021,AFM,,17.54,20.61,1.9324777647729623,1.137522235227037,0.08337642252445221
10,223,60-35-5,,,,10.1016/j.cej.2022.138559,CC(=O)N,20.88,1.82,22.7,2023-01,AFM,,20.88,22.7,1.6900016136146725,0.1299983863853278,-0.0023754574358463287
2,429,700-58-3,,,,10.1002/adfm.202205507,C1C2CC3CC1CC(C2)C3=O,21.0,1.82,22.82,2022-06-30,AFM,,21.0,22.82,1.6812898956089852,0.1387101043910148,-0.11120261251926422
35,233,156545-07-2,,,,10.1016/j.cej.2021.133744,B(C1=CC(=CC(=C1)F)F)(O)O,19.73,2.280000000000001,22.01,2022-04,AFM,,19.73,22.01,1.7734889111691734,0.5065110888308277,0.06552860140800476
22,431,828-51-3,,adamantane-1-carboxylic acid,,10.1002/adfm.202205507,C1C2CC3CC1CC(C2)(C3)C(=O)O,21.0,1.010000000000002,22.01,2022-06-30,AFM,,21.0,22.01,1.6812898956089852,-0.6712898956089832,-0.10870394110679626
51,63,,,3-amidinopyridine,NO_abbreviation,10.1038/s41467-023-36229-1,C1=CC(=CN=C1)C(=N)N,22.76,2.540000000000003,25.3,2023-02-15,2,,22.76,25.300000000000004,1.5535180315255748,0.9864819684744284,0.17385368049144745
182,252,123-08-0,,,,10.1016/j.apsusc.2021.151259,C1=CC(=CC=C1C=O)O,18.42,2.469999999999999,20.89,2021-12,AFM,,18.42,20.89,1.8685918327312567,0.6014081672687417,0.12271834909915924
86,413,657-24-9,,"3-(diaminomethylidene)-1,1-dimethylguanidine",,10.1002/adma.202204098,CN(C)C(=N)N=C(N)N,20.72,1.41,22.13,2022-07-13,AFM,,20.72,22.13,1.7016172376222551,-0.2916172376222552,0.30062976479530334
60,134,59337-89-2,,,,10.1021/acsaem.2c00435,C1=CSC(=C1Cl)C(=O)O,18.41,2.66,21.07,2022-06-01,AFM,,18.41,21.07,1.869317809231731,0.7906821907682691,0.23256869614124298
42,110,20112-79-2,,,,10.1021/acsami.1c23991,CSC1=NCCN1,19.87,1.379999999999999,21.25,2022-02-11,AFM,,19.87,21.25,1.7633252401625383,-0.3833252401625393,0.16271594166755676
225,133, 61-54-1,,,,10.1021/acsaem.2c01144,C1=CC=C2C(=C1)C(=CN2)CCN,17.27,3.129999999999999,20.4,2022-08-10,AFM,,17.27,20.4,1.9520791302857583,1.1779208697142407,-0.07590536773204803
23,380,406-34-8,,2-fluoroethanamine,,10.1002/aenm.202101454,C(CF)N,22.28,1.119999999999997,23.4,2021-06-23,AFM,,22.28,23.4,1.588364903548323,-0.4683649035483259,-0.29534193873405457
32,317,499-81-0,,"pyridine-3,5-dicarboxylic acid",,10.1002/solr.202000481,C1=C(C=NC=C1C(=O)O)C(=O)O,16.43,2.149999999999999,18.58,2020-10-12,AFM,,16.43,18.58,2.013061156325568,0.136938843674431,0.29967471957206726
120,360,3300-51-4,,,,10.1002/aesr.202200128,C1=CC(=CC=C1CN)C(F)(F)F,20.66,1.7,22.36,2022-11-29,AFM,,20.66,22.36,1.7059730966250986,-0.0059730966250985,0.0107218436896801
21,285,67-52-7,,,,10.1002/solr.202200512,C1C(=O)NC(=O)NC1=O,21.59,1.199999999999999,22.79,2022-07-27,AFM,,21.59,22.79,1.6384572820810237,-0.4384572820810246,0.5871779322624207
31,18,98-60-2,,,,10.1039/d2tc00982j,C1=CC(=CC=C1S(=O)(=O)Cl)Cl,18.29,1.73,20.02,2022,AFM,,18.29,20.02,1.8780295272374183,-0.1480295272374183,0.32310864329338074
236,254,,127262668.0,"9H-carbazole-2,7-diyl tetraethyl bisphosphate","2,7-CzBP",10.1007/s40820-024-01613-z,CCOP(OCC)(C1C=CC2C3C(NC=2C=1)=CC(P(OCC)(OCC)=O)=CC=3)=O,23.47,2.41,25.88,2025-01-10,1,,23.47,25.88,1.5019736999919264,0.9080263000080736,-0.056948550045490265
43,326,1082-85-5,,,,10.1002/smtd.202200260,CC(=O)C1=CC=C(C=C1)N2C(=O)C=CC2=O,20.09,2.940000000000001,23.03,2022-04-24,AFM,,20.09,23.03,1.747353757152112,1.1926462428478888,0.4337007403373718
155,424,,,4-Bromobenzamide,Br=BAD,10.1002/adfm.202214834,C1=CC(=CC=C1C(=O)N)Br,22.03,1.239999999999998,23.27,2023-03-21,2,,22.03,23.27,1.6065143160601711,-0.3665143160601731,0.14719806611537933
55,251,505-48-6,,,,10.1016/j.apsusc.2022.152670,C(CCCC(=O)O)CCC(=O)O,18.32,1.16,19.48,2022-05,AFM,,18.32,19.48,1.8758515977359964,-0.7158515977359965,-0.09671391546726227
30,168,4210-32-6,,,,10.1016/j.scib.2020.05.031,CC(C)(C)C1=CC=C(C=C1)C#N,16.8,1.079999999999998,17.88,2020-10,AFM,,16.8,17.88,1.9862000258080328,-0.9062000258080344,-0.06335625052452087
123,72,300-84-5,,,,10.1021/jacs.0c09560,C(CS(=O)O)N,20.46,1.279999999999998,21.74,2020-11-16,AFM,,20.46,21.74,1.720492626634577,-0.440492626634579,0.004703223705291748
65,231,6165-69-1,,,,10.1016/j.cej.2022.135134,B(C1=CSC=C1)(O)O,19.74,2.060000000000002,21.8,2022-05,AFM,,19.74,21.8,1.7727629346686995,0.2872370653313023,0.029820282012224197
